sentence,labels,scores,ESG
" 1 airbnb corporate sustainability update corporate emissions footprint and progress against goals september 2022 2 in 2021, airbnb committed to a goal of operating as a net zero company for our corporate operations1  by 2030  a goal of reducing our corporate greenhouse gas emissions in line with our science-based targets, and using high-quality, nature-based solutions to address our residual emissions, by 2030.","['emissions', 'corporate compliance', 'pollution', 'natural resources', 'transparancy', 'board accountability', 'health and safety', 'diversity and inclusion', 'philanthropy', 'training and education']","[0.2361893109404687, 0.23073490025216745, 0.21538589555652665, 0.154136583587496, 0.09649169993954324, 0.037457321693181826, 0.013276085227415009, 0.010849314721017368, 0.00468191533552043, 0.0007969727466633601]","['E', 'G', 'E', 'E', 'G', 'G', 'S', 'S', 'S', 'S']"
"this document provides an update on our corporate greenhouse gas footprint, our progress in reducing these emissions, and our plan to reach our net zero goals.","['emissions', 'pollution', 'corporate compliance', 'transparancy', 'board accountability', 'natural resources', 'health and safety', 'diversity and inclusion', 'philanthropy', 'training and education']","[0.3631411861512726, 0.36076182531430906, 0.2680115166802792, 0.006209700611314175, 0.001591266115439466, 0.000151423631592509, 4.73233205933518e-05, 4.397156478830571e-05, 2.868755366227751e-05, 1.3099056749036547e-05]","['E', 'E', 'G', 'G', 'G', 'E', 'S', 'S', 'S', 'S']"
highlights include:   setting emissions reduction targets that have been approved by the science based targets initiative (sbti).,"['emissions', 'pollution', 'corporate compliance', 'board accountability', 'transparancy', 'natural resources', 'health and safety', 'diversity and inclusion', 'philanthropy', 'training and education']","[0.5537814716435342, 0.4216528412558045, 0.01922452464234309, 0.002483043791590883, 0.0018589696406994232, 0.0005877460680984723, 0.00019285386051630252, 0.00010366672127301413, 7.122140055019164e-05, 4.366097558994969e-05]","['E', 'E', 'G', 'G', 'G', 'E', 'S', 'S', 'S', 'S']"
achieving 100 percent renewable energy in our global offices.2   launching a supplier sustainability program to drive scope 3 emissions reductions.,"['emissions', 'pollution', 'corporate compliance', 'natural resources', 'transparancy', 'board accountability', 'diversity and inclusion', 'health and safety', 'philanthropy', 'training and education']","[0.284702576533193, 0.20409346433219355, 0.19843219028365314, 0.18809907892057617, 0.0760425869502107, 0.033397917794044746, 0.0067558524961766776, 0.0045835883836217485, 0.0029865847134433834, 0.0009061595928869109]","['E', 'E', 'G', 'E', 'G', 'G', 'S', 'S', 'S', 'S']"
continuing to invest in high quality nature-based solutions to help protect the natural world.,"['natural resources', 'philanthropy', 'transparancy', 'board accountability', 'pollution', 'emissions', 'diversity and inclusion', 'health and safety', 'training and education', 'corporate compliance']","[0.6135439975290793, 0.33066950790658795, 0.044550853606997246, 0.004351751499070904, 0.002072499142859029, 0.00176047044513846, 0.0009700402041336408, 0.0009649636497438288, 0.00056735579255374, 0.0005485602238358802]","['E', 'S', 'G', 'G', 'E', 'E', 'S', 'S', 'S', 'G']"
"1 including scope 1, 2, and 3 emissions associated with our corporate operations as outlined in appendix a.","['emissions', 'pollution', 'corporate compliance', 'health and safety', 'transparancy', 'natural resources', 'board accountability', 'diversity and inclusion', 'philanthropy', 'training and education']","[0.35111115118707176, 0.3400094017588309, 0.2383924527597508, 0.04023605870933175, 0.01751610470541375, 0.005680426899541657, 0.0037937145833961843, 0.0030715344346980335, 0.00013017496468007512, 5.897999728512427e-05]","['E', 'E', 'G', 'S', 'G', 'E', 'G', 'S', 'S', 'S']"
"2 we matched our global corporate electricity use with renewable energy for 2020 and 2021 by purchasing energy attribute  certificates (i.e., renewable energy certificates, guarantees of origin, or similar instruments) sufficient to match 100 percent of our global electricity use for our corporate operations for those years.","['corporate compliance', 'emissions', 'natural resources', 'transparancy', 'diversity and inclusion', 'pollution', 'board accountability', 'philanthropy', 'health and safety', 'training and education']","[0.2380721422038917, 0.20951957510937766, 0.19547111447829738, 0.14017690661805352, 0.06983665457478079, 0.06406226530481485, 0.05814768744114764, 0.013688154022586203, 0.00969002372558034, 0.0013354765214699301]","['G', 'E', 'E', 'G', 'S', 'E', 'G', 'S', 'S', 'S']"
our 2020 renewable energy purchases are not reflected in our scope 2 ghg emissions measurement for 2020 because the energy attribute certificates for 2020 had not been delivered at the time we completed our emissions inventory for that year.,"['emissions', 'pollution', 'natural resources', 'transparancy', 'corporate compliance', 'board accountability', 'diversity and inclusion', 'health and safety', 'philanthropy', 'training and education']","[0.23968898472678296, 0.22206879301422483, 0.20454176123271128, 0.11976485587920313, 0.10262015514792537, 0.05386118485528987, 0.03785371790165717, 0.01391710862812985, 0.005097464254967956, 0.0005859743591076033]","['E', 'E', 'E', 'G', 'G', 'G', 'S', 'S', 'S', 'S']"
"3 measuring our corporate greenhouse gas emissions footprint airbnb has measured our greenhouse gas emissions, guided by the greenhouse gas (ghg) protocol accounting and reporting standards and working with watershed, our third-party sustainability partner, starting with 2019 as our baseline year.","['emissions', 'pollution', 'corporate compliance', 'natural resources', 'board accountability', 'transparancy', 'health and safety', 'diversity and inclusion', 'philanthropy', 'training and education']","[0.22472698701879493, 0.21546524306669604, 0.2154180113088042, 0.19128498418614956, 0.09305502747162517, 0.049922703793718035, 0.005571273663965551, 0.0032477670868076547, 0.001077717820733113, 0.00023028458270572756]","['E', 'E', 'G', 'E', 'G', 'G', 'S', 'S', 'S', 'S']"
"this measurement helps us understand the sources of our emissions, identify possible ways to reduce them, and monitor our progress over time.","['emissions', 'pollution', 'transparancy', 'natural resources', 'corporate compliance', 'board accountability', 'health and safety', 'diversity and inclusion', 'philanthropy', 'training and education']","[0.35753639150890665, 0.3453269065081362, 0.20665246273369722, 0.03456730188227408, 0.01858213665839126, 0.018217282234327874, 0.017334641251210592, 0.001247833026015404, 0.00039891814111637103, 0.00013612605592435825]","['E', 'E', 'G', 'E', 'G', 'G', 'S', 'S', 'S', 'S']"
"going forward, we plan to measure the ghg footprint for our corporate operations each year, along with the progress toward our reduction targets.","['emissions', 'pollution', 'corporate compliance', 'natural resources', 'health and safety', 'transparancy', 'board accountability', 'diversity and inclusion', 'philanthropy', 'training and education']","[0.24707065558481475, 0.22895820354130356, 0.1832622849656495, 0.1770811979093393, 0.07361955436246988, 0.04015428126013624, 0.026201390809871574, 0.016818685271740783, 0.0060608502652868285, 0.0007728960293876118]","['E', 'E', 'G', 'E', 'S', 'G', 'G', 'S', 'S', 'S']"
the following chart outlines our greenhouse gas emissions by scope over the past three years   (2019 to 2021).,"['emissions', 'pollution', 'transparancy', 'natural resources', 'corporate compliance', 'board accountability', 'health and safety', 'diversity and inclusion', 'philanthropy', 'training and education']","[0.5033644933835832, 0.48880586683257704, 0.004680579558120474, 0.0010154416852439956, 0.0009210519578193623, 0.0007687277825989457, 0.00017677570026248846, 0.00014270728960780993, 8.732587410931277e-05, 3.702993607733234e-05]","['E', 'E', 'G', 'E', 'G', 'G', 'S', 'S', 'S', 'S']"
"corporate ghg emissions by scope (2019-2021) ghg emissions unit 2019 20203 2021 scope 1 direct emissions from stationary combustion (natural gas) mtco2e 815 844 807 scope 2 indirect emissions from purchased electricity (market-based) mtco2e 6,358 5,2392 0 scope 34  (absolute) indirect emissions that  are calculated throughout the upstream and downstream value chain mtco2e 387,785 209,926 254,867 total mtco2e 394, 958 216,009 255,674 scope 3 (emissions intensity) mtco2e/$1m gross profit5 108 84 53 3 2020 was an anomaly: total emissions were 45.3 percent lower than 2019 as a result of covid-19-driven reductions such as lower spending with suppliers, employee business travel and commuting.","['emissions', 'pollution', 'natural resources', 'corporate compliance', 'transparancy', 'board accountability', 'diversity and inclusion', 'health and safety', 'philanthropy', 'training and education']","[0.3073069876033706, 0.2618446486697056, 0.1875901754409335, 0.08547643569142004, 0.062351371117205616, 0.04506780828875456, 0.043947516812937716, 0.004741957346513295, 0.0008993900866796841, 0.0007737089424793901]","['E', 'E', 'E', 'G', 'G', 'G', 'S', 'S', 'S', 'S']"
"4 airbnbs scope 3 emissions measurement includes the following categories defined by the ghg protocol: 3.1 purchased goods  and services, 3.2 capital goods, 3.3 fuel- and energy-related activities (not included in scope 1 and scope 2), 3.5 waste generated in operations, 3.6 business travel, 3.7 employee commuting, and 3.8 upstream leased assets.","['emissions', 'pollution', 'natural resources', 'transparancy', 'diversity and inclusion', 'corporate compliance', 'board accountability', 'health and safety', 'philanthropy', 'training and education']","[0.464245192173988, 0.4283587950519955, 0.030515109791885056, 0.021487028071097716, 0.01831822743504797, 0.017391235171001225, 0.01570109647126629, 0.0033043841713202658, 0.0005220959143218262, 0.00015683574807610274]","['E', 'E', 'E', 'G', 'S', 'G', 'G', 'S', 'S', 'S']"
5 scope 3 emissions intensity measured using the economic intensity method as set by sbtis greenhouse gas emissions per  value added (geva).,"['emissions', 'pollution', 'natural resources', 'transparancy', 'board accountability', 'corporate compliance', 'diversity and inclusion', 'health and safety', 'philanthropy', 'training and education']","[0.50255712021289, 0.47055591217451886, 0.009486493461719704, 0.005676437432879889, 0.0051712154203685905, 0.003963505149588988, 0.0015638671046230557, 0.0005679915109143232, 0.00028130277419898073, 0.00017615475829758765]","['E', 'E', 'E', 'G', 'G', 'G', 'S', 'S', 'S', 'S']"
"sbti provides that the term value added can be defined as gross profit, operating profit, revenue minus the cost of purchased goods and services, or earnings before interest, taxes, depreciation, and amortization (ebitda) plus all personnel costs.","['corporate compliance', 'diversity and inclusion', 'board accountability', 'transparancy', 'natural resources', 'emissions', 'pollution', 'philanthropy', 'health and safety', 'training and education']","[0.5005069249075467, 0.17950481016122802, 0.16187409984513731, 0.041832812568233325, 0.04017737895768258, 0.022372652489617832, 0.02236179629440312, 0.014830271235629128, 0.00854962834009422, 0.00798962520042783]","['G', 'S', 'G', 'G', 'E', 'E', 'E', 'S', 'S', 'S']"
gross profit for purposes of airbnbs emissions intensity measurement is calculated as revenue minus cost of revenue.,"['emissions', 'pollution', 'natural resources', 'health and safety', 'corporate compliance', 'transparancy', 'board accountability', 'diversity and inclusion', 'philanthropy', 'training and education']","[0.4615436783591518, 0.4045186124549478, 0.09206772700614829, 0.010128670141060107, 0.010086011949104443, 0.007770506737046476, 0.007654962299535472, 0.005578446496248798, 0.00039458906273354003, 0.0002567954940232962]","['E', 'E', 'E', 'S', 'G', 'G', 'G', 'S', 'S', 'S']"
4 summary   our scope 1 emissions did not change significantly between 2019 and 2021.,"['emissions', 'pollution', 'transparancy', 'corporate compliance', 'natural resources', 'board accountability', 'health and safety', 'diversity and inclusion', 'philanthropy', 'training and education']","[0.3731510702889527, 0.34139309901603365, 0.12888583576065657, 0.07381441418892329, 0.06043729483411453, 0.010005352685670111, 0.00828869812817748, 0.002498517749043188, 0.0008917363512818094, 0.0006339809971466466]","['E', 'E', 'G', 'G', 'E', 'G', 'S', 'S', 'S', 'S']"
"we reduced our scope 2 emissions by 100 percent from 2019 due to our purchase of renewable energy to match our global corporate electricity use for 2021.2   our scope 3 (absolute) emissions declined by 34.3 percent from 2019 to 2021, driven by a mix of overall cost management, pandemic-related reductions in spending, and reduced business travel and employee-related emissions driven by the move to hybrid and remote work.","['emissions', 'pollution', 'natural resources', 'corporate compliance', 'transparancy', 'board accountability', 'diversity and inclusion', 'health and safety', 'philanthropy', 'training and education']","[0.3618285013799857, 0.3034224907682634, 0.19145625776078895, 0.08029835738697629, 0.02627338220413533, 0.021889355790600373, 0.008197521466337019, 0.005468186032586154, 0.0008393054492927734, 0.0003266417610340516]","['E', 'E', 'E', 'G', 'G', 'G', 'S', 'S', 'S', 'S']"
"as we work toward our net zero goal, our target for scope 3 corporate emissions is to reduce our emissions intensity in line with sbti guidelines.","['emissions', 'corporate compliance', 'pollution', 'board accountability', 'natural resources', 'transparancy', 'diversity and inclusion', 'health and safety', 'training and education', 'philanthropy']","[0.30042982451848593, 0.2686122374640982, 0.2561568169603287, 0.06926281911630783, 0.0502839242340605, 0.03570723054184252, 0.008672514773335898, 0.008468704819946661, 0.0013552222620197597, 0.0010507053095740243]","['E', 'G', 'E', 'G', 'E', 'G', 'S', 'S', 'S', 'S']"
a detailed view of airbnbs emissions breakdown is available in appendix a.6 6 we engaged an external third party to provide limited assurance over certain metrics disclosed.,"['emissions', 'pollution', 'natural resources', 'board accountability', 'corporate compliance', 'transparancy', 'health and safety', 'diversity and inclusion', 'philanthropy', 'training and education']","[0.4148034538317026, 0.3650581781528374, 0.06257227106341288, 0.04303925016095265, 0.04016789473434374, 0.03409229150304878, 0.02912660533608074, 0.008626899787948282, 0.0019593838050447746, 0.0005537716246281143]","['E', 'E', 'E', 'G', 'G', 'G', 'S', 'S', 'S', 'S']"
their report is available here.,"['natural resources', 'diversity and inclusion', 'corporate compliance', 'transparancy', 'training and education', 'health and safety', 'board accountability', 'emissions', 'pollution', 'philanthropy', 'natural resources', 'diversity and inclusion', 'corporate compliance', 'transparancy', 'training and education', 'health and safety', 'board accountability', 'emissions', 'pollution', 'philanthropy']","[0.09855919163099532, 0.07766193553008291, 0.07212576406128697, 0.05828352712277568, 0.04316957385166007, 0.041364245763335236, 0.03928648020114859, 0.03658439619478252, 0.023176960788722768, 0.009787924855209941, 0.09855919163099532, 0.07766193553008291, 0.07212576406128697, 0.05828352712277568, 0.04316957385166007, 0.041364245763335236, 0.03928648020114859, 0.03658439619478252, 0.023176960788722768, 0.009787924855209941]","['E', 'S', 'G', 'G', 'S', 'S', 'G', 'E', 'E', 'S', 'E', 'S', 'G', 'G', 'S', 'S', 'G', 'E', 'E', 'S']"
"https://investors.airbnb.com/pwc-assurance-report 5 reducing our corporate emissions as part of our net zero goal while were proud of the progress we have made to date, we know there is much more work to be done.","['emissions', 'pollution', 'transparancy', 'corporate compliance', 'natural resources', 'board accountability', 'diversity and inclusion', 'health and safety', 'training and education', 'philanthropy']","[0.36007361327802745, 0.34150079881110795, 0.10557678617522476, 0.09284125284699896, 0.06365814414250122, 0.011703978445377898, 0.008648795239760842, 0.007535897963855685, 0.004657793468538644, 0.003802939628606597]","['E', 'E', 'G', 'G', 'E', 'G', 'S', 'S', 'S', 'S']"
we have developed ghg emissions reduction targets for all scopes of emissions associated with our  global corporate operations.,"['emissions', 'pollution', 'corporate compliance', 'natural resources', 'transparancy', 'board accountability', 'health and safety', 'diversity and inclusion', 'philanthropy', 'training and education']","[0.3126472604425041, 0.29083130537764934, 0.26590981775797135, 0.05432885673098615, 0.04560828882732969, 0.012253367261755563, 0.010534407019338997, 0.006535381915884082, 0.0010227403601731774, 0.00032857430640753334]","['E', 'E', 'G', 'E', 'G', 'G', 'S', 'S', 'S', 'S']"
"these targets have been approved by the science based targets initiative (sbti)  the lead partner of the business ambition for 1.5c campaign.7 by 2030, we are committing to reducing our corporate emissions as follows from our 2019 baseline year:   reducing scope 1 and 2 (absolute) emissions by 78.4 percent.","['emissions', 'pollution', 'corporate compliance', 'board accountability', 'natural resources', 'transparancy', 'diversity and inclusion', 'health and safety', 'philanthropy', 'training and education']","[0.27299023202131006, 0.2607434383870855, 0.24340296652689888, 0.08274693816790926, 0.07702122988569074, 0.0400805503454017, 0.01157460090064657, 0.009729008220810334, 0.0010828891491307757, 0.0006281463951161357]","['E', 'E', 'G', 'G', 'E', 'G', 'S', 'S', 'S', 'S']"
reducing scope 3 emissions intensity (mtco2e/$1m gross profit) by 55 percent.,"['emissions', 'pollution', 'natural resources', 'corporate compliance', 'transparancy', 'board accountability', 'health and safety', 'diversity and inclusion', 'philanthropy', 'training and education']","[0.3392768389112734, 0.30493270911874404, 0.20793037699582712, 0.09042195619619181, 0.037450861964951454, 0.012442648784777832, 0.003235299955660979, 0.0024821283294355952, 0.001567958534254457, 0.00025922120888329994]","['E', 'E', 'E', 'G', 'G', 'G', 'S', 'S', 'S', 'S']"
our targets help define our emissions reduction efforts on our path to net zero.,"['emissions', 'pollution', 'corporate compliance', 'board accountability', 'transparancy', 'natural resources', 'diversity and inclusion', 'health and safety', 'philanthropy', 'training and education']","[0.4769338098853607, 0.4186549868215905, 0.052341174649713995, 0.020790411769303702, 0.01834126647466052, 0.011038436665624981, 0.0010672994134356144, 0.0005068291440013269, 0.0002604473162528505, 6.533786005572499e-05]","['E', 'E', 'G', 'G', 'G', 'E', 'S', 'S', 'S', 'S']"
more information about  the steps we are taking toward these targets is below.,"['diversity and inclusion', 'corporate compliance', 'board accountability', 'emissions', 'training and education', 'health and safety', 'philanthropy', 'natural resources', 'transparancy', 'pollution']","[0.26880525564971625, 0.19761602599021896, 0.14908776779319435, 0.1413676924953484, 0.09693805679017993, 0.04577701858630814, 0.03908810602385088, 0.033853165395858156, 0.01717771548065012, 0.010289195794674784]","['S', 'G', 'G', 'E', 'S', 'S', 'S', 'E', 'G', 'E']"
"scope 1 and 2 emissions we are matching our office electricity use with 100 percent renewable energy purchases, allowing us to meet  and exceed  our scope 1 and 2 science based targets.","['emissions', 'pollution', 'corporate compliance', 'board accountability', 'natural resources', 'transparancy', 'health and safety', 'diversity and inclusion', 'philanthropy', 'training and education']","[0.25984336167108313, 0.24545355482920603, 0.2232253294486642, 0.12948308960301985, 0.08693017968906562, 0.04997434550374202, 0.002594882130365914, 0.0014052876550194472, 0.0009462626530749661, 0.0001437068167588242]","['E', 'E', 'G', 'G', 'E', 'G', 'S', 'S', 'S', 'S']"
"as a member of the re100, a global corporate renewable energy initiative bringing together businesses committed to 100 percent renewable electricity, we plan to continue sourcing renewable energy according to re100 standards, and, further, to look for opportunities to transition to more direct sources of renewable energy.8 we also plan to take additional steps to continue reducing these emissions, including:   improving office energy data collection to help our teams identify energy efficiency opportunities.","['emissions', 'pollution', 'corporate compliance', 'transparancy', 'natural resources', 'board accountability', 'diversity and inclusion', 'health and safety', 'philanthropy', 'training and education']","[0.2807421209425605, 0.23604003246805091, 0.22515284472354996, 0.11097779246139082, 0.0672424354980568, 0.047590269602499985, 0.019166381446606047, 0.00466643746105822, 0.004313078580606318, 0.0041086068156204365]","['E', 'E', 'G', 'G', 'E', 'G', 'S', 'S', 'S', 'S']"
"conducting a detailed building sustainability review for our san francisco headquarters, beginning this year.","['corporate compliance', 'transparancy', 'emissions', 'natural resources', 'board accountability', 'health and safety', 'pollution', 'diversity and inclusion', 'philanthropy', 'training and education']","[0.5044976836627934, 0.21840958341598402, 0.09840235974037714, 0.05630107822173526, 0.05090481692968188, 0.041148025579469553, 0.014034830678472365, 0.010828302610202907, 0.004173304579189629, 0.0013000145820938759]","['G', 'G', 'E', 'E', 'G', 'S', 'E', 'S', 'S', 'S']"
"refining our office sustainability guidelines to identify further emissions reduction opportunities in our buildings, and the materials used to create them.","['emissions', 'pollution', 'corporate compliance', 'transparancy', 'board accountability', 'natural resources', 'philanthropy', 'diversity and inclusion', 'health and safety', 'training and education']","[0.42940411484164814, 0.28906124688050133, 0.19429208649080837, 0.05720282524959497, 0.014794609957842217, 0.012977233638009282, 0.0007584543812694554, 0.0006758274096079751, 0.0005888880350324709, 0.00024471311568581734]","['E', 'E', 'G', 'G', 'G', 'E', 'S', 'S', 'S', 'S']"
7 airbnbs emissions reduction targets have been approved by the science based targets initiative (sbti) as consistent with   levels required to meet the goals of the paris agreement.,"['emissions', 'pollution', 'board accountability', 'transparancy', 'corporate compliance', 'health and safety', 'natural resources', 'diversity and inclusion', 'philanthropy', 'training and education']","[0.39445238882748673, 0.38376992284303507, 0.08896987270806195, 0.06302206788235654, 0.029486747844959225, 0.021729228145159263, 0.00918416656158979, 0.008622858359328371, 0.0005984686474098269, 0.00016427818061324123]","['E', 'E', 'G', 'G', 'G', 'S', 'E', 'S', 'S', 'S']"
"according to sbti, the targets covering greenhouse gas emissions from airbnbs operations (scopes 1 and 2) are consistent with reductions required to keep warming to 1.5c, what the latest climate science has told us is needed to prevent the most damaging effects of climate change.","['emissions', 'pollution', 'corporate compliance', 'transparancy', 'board accountability', 'natural resources', 'health and safety', 'diversity and inclusion', 'philanthropy', 'training and education']","[0.3879874498210118, 0.36920712128410665, 0.09220697744720084, 0.07399516423327035, 0.05536693369261345, 0.010042192399834494, 0.005084300897916338, 0.004881523165353287, 0.0008790300434250303, 0.00034930701526772473]","['E', 'E', 'G', 'G', 'G', 'E', 'S', 'S', 'S', 'S']"
"airbnbs target for the emissions from our value chain (scope 3 for corporate operations) meet the sbtis criteria for ambitious value chain goals, meaning they are in line with current best practice.","['emissions', 'pollution', 'corporate compliance', 'transparancy', 'natural resources', 'board accountability', 'diversity and inclusion', 'health and safety', 'philanthropy', 'training and education']","[0.2985356716032397, 0.2813863176438725, 0.24149688798856866, 0.1137398704641563, 0.03485610683223282, 0.023597510707795463, 0.00394895078283589, 0.0019586038785255524, 0.00044310621541880266, 3.697388335426645e-05]","['E', 'E', 'G', 'G', 'E', 'G', 'S', 'S', 'S', 'S']"
"8 as noted in footnote 2, we matched our global corporate electricity use with renewable energy for 2020 and 2021 by   purchasing energy attribute certificates (i.e., renewable energy certificates, guarantees of origin, or similar instruments) sufficient to match 100 percent of our global electricity use for our corporate operations for those years.","['corporate compliance', 'emissions', 'natural resources', 'transparancy', 'diversity and inclusion', 'board accountability', 'pollution', 'health and safety', 'philanthropy', 'training and education']","[0.30491178571974503, 0.23800655590296327, 0.18225511811463027, 0.10819863309199905, 0.05940568347976273, 0.051513030847667, 0.04524823976948384, 0.0061301051560928715, 0.003723163009024394, 0.0006076849086315746]","['G', 'E', 'E', 'G', 'S', 'G', 'E', 'S', 'S', 'S']"
"specifically with regard to the re100 technical criteria, for 2020, the renewable energy we sourced was approximately 88 percent compliant (as we were unable to source renewable energy locally in certain markets due to lack of availability and low volumes), and for 2021, we sourced renewable energy to be 100 percent compliant with the re100 technical criteria.","['natural resources', 'corporate compliance', 'emissions', 'diversity and inclusion', 'board accountability', 'pollution', 'transparancy', 'philanthropy', 'health and safety', 'training and education']","[0.3176291902446939, 0.2787111752646918, 0.26988757503419214, 0.06201007065263075, 0.02980303006395862, 0.01852497380207754, 0.014968880770310783, 0.004063031167427173, 0.003734716788618043, 0.0006673562113992615]","['E', 'G', 'E', 'S', 'G', 'E', 'G', 'S', 'S', 'S']"
"6 scope 3 emissions as with many companies, the majority of airbnbs corporate emissions are scope 3 and largely attributable to our work with suppliers.","['emissions', 'pollution', 'natural resources', 'corporate compliance', 'transparancy', 'health and safety', 'board accountability', 'diversity and inclusion', 'philanthropy', 'training and education']","[0.32280804753787296, 0.30283136070287925, 0.10455671745856972, 0.10410742440512877, 0.06654584711234927, 0.03998072647809058, 0.03140148489477399, 0.024011315371132342, 0.002143166945527661, 0.0016139090936754079]","['E', 'E', 'E', 'G', 'G', 'S', 'G', 'S', 'S', 'S']"
"we are partnering closely with teams across the business and external experts, including the environmental  defense fund and watershed, to identify opportunities to reduce our scope 3 emissions intensity.","['emissions', 'pollution', 'natural resources', 'corporate compliance', 'transparancy', 'board accountability', 'diversity and inclusion', 'philanthropy', 'health and safety', 'training and education']","[0.2890631788898318, 0.2668786149284174, 0.1837317335034873, 0.12416054211069076, 0.07870509787596754, 0.0350153334125195, 0.008533550030053164, 0.008345983668406566, 0.004202412610746797, 0.0013635529698792148]","['E', 'E', 'E', 'G', 'G', 'G', 'S', 'S', 'S', 'S']"
"some examples of the steps we have taken, or are taking, include:   launched the airbnb supplier sustainability program.","['corporate compliance', 'natural resources', 'emissions', 'transparancy', 'philanthropy', 'board accountability', 'diversity and inclusion', 'pollution', 'health and safety', 'training and education']","[0.3379100504962875, 0.14217916408596368, 0.11416429313316888, 0.10284933262872545, 0.09730911398740137, 0.08283660429121391, 0.07643358623691271, 0.026001836202352864, 0.011114040564088268, 0.009201978373885365]","['G', 'E', 'E', 'G', 'S', 'G', 'S', 'E', 'S', 'S']"
"with this program, were engaging suppliers to drive down their emissions.","['emissions', 'pollution', 'corporate compliance', 'natural resources', 'transparancy', 'health and safety', 'board accountability', 'diversity and inclusion', 'philanthropy', 'training and education']","[0.24537741921530046, 0.22791665087671859, 0.22302899555667816, 0.15201622357969533, 0.08211225997566539, 0.048468226379994844, 0.01773997611360748, 0.0017929194851410036, 0.001213269247783005, 0.0003340595694157521]","['E', 'E', 'G', 'E', 'G', 'S', 'G', 'S', 'S', 'S']"
"the program will ask suppliers, beginning with some of our largest, to commit to measuring and reporting their ghg emissions and implementing or maintaining emissions reduction plans.","['emissions', 'corporate compliance', 'pollution', 'natural resources', 'board accountability', 'transparancy', 'health and safety', 'diversity and inclusion', 'philanthropy', 'training and education']","[0.2354320985120655, 0.22934844131853527, 0.22893263770992167, 0.17543483911647614, 0.05789387664035189, 0.03257464458876319, 0.025440713271911213, 0.01103143118643886, 0.002029424120214695, 0.0018818935353215273]","['E', 'G', 'E', 'E', 'G', 'G', 'S', 'S', 'S', 'S']"
this will help us address the largest source of our scope 3 corporate emissions.,"['emissions', 'pollution', 'transparancy', 'corporate compliance', 'natural resources', 'board accountability', 'health and safety', 'philanthropy', 'diversity and inclusion', 'training and education']","[0.36134325958561603, 0.35059618262291037, 0.11433948695157341, 0.0935324609698746, 0.03755479513096375, 0.021706620398190882, 0.015368187845088992, 0.002921047544709094, 0.002190834673306273, 0.00044712427776663014]","['E', 'E', 'G', 'G', 'E', 'G', 'S', 'S', 'S', 'S']"
consolidating our cloud computing footprint towards cloud service providers with stronger  environmental performance.,"['emissions', 'natural resources', 'transparancy', 'pollution', 'corporate compliance', 'health and safety', 'board accountability', 'diversity and inclusion', 'philanthropy', 'training and education']","[0.33359806919109397, 0.27513620172112896, 0.23022419830685115, 0.08659323685840094, 0.04605720374071689, 0.01908995001480414, 0.004406431039547411, 0.0042845887380615925, 0.00045515412891390243, 0.0001549662604810653]","['E', 'E', 'G', 'E', 'G', 'S', 'G', 'S', 'S', 'S']"
"launched our new live and work anywhere approach, which we expect to help drive emissions reductions as employees who choose to continue working from home can eliminate their commutes.","['emissions', 'pollution', 'transparancy', 'natural resources', 'diversity and inclusion', 'corporate compliance', 'health and safety', 'board accountability', 'philanthropy', 'training and education']","[0.2646743109931436, 0.24913954548704215, 0.19374637072838718, 0.18527366489382788, 0.041432693703333995, 0.033218912911764965, 0.020927115770389332, 0.008162521648729262, 0.003019475667817382, 0.0004053881955642724]","['E', 'E', 'G', 'E', 'S', 'G', 'S', 'G', 'S', 'S']"
"we also introduced a revamped approach to employee travel, including a new travel policy and travel  limits, and we continue exploring ways to further reduce emissions associated with employee business travel.","['emissions', 'pollution', 'natural resources', 'corporate compliance', 'transparancy', 'board accountability', 'health and safety', 'diversity and inclusion', 'philanthropy', 'training and education']","[0.3405113887710194, 0.26673321528377136, 0.1398280800027088, 0.08181041292983215, 0.07147009840467351, 0.06904063155087975, 0.02166329938784157, 0.0061696781749893265, 0.0023919475267670715, 0.00038124796751707885]","['E', 'E', 'E', 'G', 'G', 'G', 'S', 'S', 'S', 'S']"
"expanded our renewable energy procurement beyond our offices to include estimated work-from- home electricity usage for our global employee base, as many employees now work from home.","['natural resources', 'emissions', 'transparancy', 'corporate compliance', 'diversity and inclusion', 'board accountability', 'pollution', 'philanthropy', 'health and safety', 'training and education']","[0.27397294734462, 0.21703453195695227, 0.16093868799877173, 0.133248347682574, 0.10861105732093804, 0.043661038691535, 0.034227990334977185, 0.016346775042929328, 0.010351574283289465, 0.0016070493434129946]","['E', 'E', 'G', 'G', 'S', 'G', 'E', 'S', 'S', 'S']"
we are addressing these emissions even though renewable energy purchased for these initiatives is not able to be reflected as scope 3 emissions reductions under ghg protocol guidance.,"['emissions', 'pollution', 'transparancy', 'corporate compliance', 'natural resources', 'board accountability', 'health and safety', 'diversity and inclusion', 'philanthropy', 'training and education']","[0.2796984186479281, 0.26960264089332386, 0.18369699479384496, 0.08919458703371064, 0.08862161053301727, 0.06868951891872377, 0.008988194909078222, 0.008614452000930303, 0.002665171033578715, 0.00022841123586413265]","['E', 'E', 'G', 'G', 'E', 'G', 'S', 'S', 'S', 'S']"
"in addition, were offering renewable energy options to employees in some countries to help them to further reduce their at-home emissions.","['emissions', 'pollution', 'natural resources', 'corporate compliance', 'transparancy', 'board accountability', 'diversity and inclusion', 'health and safety', 'philanthropy', 'training and education']","[0.34142049391280804, 0.3038976311355595, 0.1760322136214253, 0.10502256709548592, 0.04407915759832793, 0.010733364902150495, 0.008978373066703042, 0.005002697164098463, 0.004026829497222956, 0.0008066720062183685]","['E', 'E', 'E', 'G', 'G', 'G', 'S', 'S', 'S', 'S']"
"7 investing in natural ecosystems and protecting biodiversity in addition to reducing corporate emissions, we also recognize there is an urgent need to protect the natural world and preserve biodiversity.","['natural resources', 'transparancy', 'diversity and inclusion', 'philanthropy', 'pollution', 'emissions', 'board accountability', 'health and safety', 'training and education', 'corporate compliance']","[0.35991482409395287, 0.32950667976782877, 0.21856615126142304, 0.06597435836979557, 0.01261020317655635, 0.00714516058780382, 0.0032745386408477247, 0.0022942845275382806, 0.00046231706995823984, 0.0002514825042953757]","['E', 'G', 'S', 'S', 'E', 'E', 'G', 'S', 'S', 'G']"
"thats why we are also investing in high quality, nature-based solutions that can help protect ecosystems, wildlife, and indigenous ways of life, while also offsetting our residual emissions.","['natural resources', 'emissions', 'pollution', 'transparancy', 'philanthropy', 'diversity and inclusion', 'board accountability', 'health and safety', 'corporate compliance', 'training and education']","[0.2618365044612201, 0.2409047500418818, 0.16731951275837686, 0.14285129202672125, 0.13776153087636603, 0.03103338299670088, 0.01685298838620563, 0.0007667114206877731, 0.0005431273141041464, 0.0001301997177355417]","['E', 'E', 'E', 'G', 'S', 'S', 'G', 'S', 'G', 'S']"
our work includes:   helping to fund the protection of tropical forests around the world through our participation in the lowering emissions by accelerating forest finance (leaf) coalition.,"['natural resources', 'philanthropy', 'emissions', 'pollution', 'transparancy', 'board accountability', 'diversity and inclusion', 'health and safety', 'corporate compliance', 'training and education']","[0.5675009153141158, 0.2856527921095788, 0.1056003729994657, 0.017497944645800904, 0.016719580247776138, 0.00369965210750433, 0.0027122430281665555, 0.0004166386296226359, 0.00016456408622271803, 3.5296831746397554e-05]","['E', 'S', 'E', 'E', 'G', 'G', 'S', 'S', 'G', 'S']"
leaf is an ambitious new public-private initiative that has mobilized $1 billion in corporate and government commitments to fight tropical deforestation.,"['natural resources', 'philanthropy', 'emissions', 'pollution', 'transparancy', 'corporate compliance', 'board accountability', 'diversity and inclusion', 'health and safety', 'training and education']","[0.32394343123039326, 0.2512206274231375, 0.24544782212019894, 0.12925778738586846, 0.016083182582701614, 0.015522340635958191, 0.009970489924641543, 0.007199664242100561, 0.0010603318813944046, 0.0002943225736054984]","['E', 'S', 'E', 'E', 'G', 'G', 'G', 'S', 'S', 'S']"
"we are beginning to purchase third-party reviewed and certified carbon credits to promote nature- based solutions, and plan to increase this investment over time to address the residual emissions that we are unable to reduce.","['emissions', 'pollution', 'natural resources', 'corporate compliance', 'transparancy', 'board accountability', 'philanthropy', 'diversity and inclusion', 'health and safety', 'training and education']","[0.26351800159356686, 0.24233718517193256, 0.23000404174160488, 0.12006279966220468, 0.05821259242785998, 0.0473237876732087, 0.02275428470090714, 0.008987418629594407, 0.006712581752900899, 8.73066462198996e-05]","['E', 'E', 'E', 'G', 'G', 'G', 'S', 'S', 'S', 'S']"
"we are committed to supporting credible, high-quality projects that are (1) accredited through independent third-party organizations, such as the american carbon registry, verra, or the climate action registry, and (2) have verified social and environmental benefits, like local employment opportunities and biodiversity protection.","['natural resources', 'philanthropy', 'transparancy', 'emissions', 'diversity and inclusion', 'board accountability', 'pollution', 'corporate compliance', 'health and safety', 'training and education']","[0.3689956314993789, 0.30227086370633705, 0.12402790889399747, 0.09390199589079089, 0.05689143978777887, 0.03564081881104473, 0.011527487292329858, 0.004289319337193035, 0.0017726659489831578, 0.0006818688321660648]","['E', 'S', 'G', 'E', 'S', 'G', 'E', 'G', 'S', 'S']"
"for example, in 2021 we supported a reforestation project in south asia providing new sources of income for small farmers, a tropical rainforest project in latin america providing local employment and education opportunities, and a temperate rainforest project in the us pacific northwest protecting local biodiversity in cooperation with the alaska native village corporation.","['natural resources', 'philanthropy', 'diversity and inclusion', 'transparancy', 'training and education', 'board accountability', 'emissions', 'health and safety', 'corporate compliance', 'pollution']","[0.32792750918711105, 0.269020144657469, 0.2660948052392824, 0.08322927892779161, 0.04110477719929795, 0.008622698078770233, 0.001874037205403491, 0.0009356797099083819, 0.0008897277760807914, 0.00030134201888511945]","['E', 'S', 'S', 'G', 'S', 'G', 'E', 'S', 'G', 'E']"
focusing beyond our corporate footprint airbnb is also working with our global community of hosts and guests to help reduce emissions for stays and experiences on our platform.,"['emissions', 'pollution', 'transparancy', 'philanthropy', 'natural resources', 'diversity and inclusion', 'board accountability', 'health and safety', 'training and education', 'corporate compliance']","[0.33407330182285416, 0.21335343886004757, 0.13837336594748478, 0.12495374445226685, 0.0904470748389088, 0.04147274560811458, 0.04067447311262762, 0.008381159130660528, 0.006197222496023421, 0.002073473731011664]","['E', 'E', 'G', 'S', 'E', 'S', 'G', 'S', 'S', 'G']"
"these efforts build on prior work, including piloting ways to help our hosts switch to renewables through partnerships with organizations including arcadia in the us and ovo in uk, helping improve the energy efficiency of hosts homes, creating educational resources to help them host more sustainably, and providing localized tips for being a responsible and sustainable traveler in countries like mexico and costa rica.","['training and education', 'natural resources', 'emissions', 'transparancy', 'philanthropy', 'diversity and inclusion', 'board accountability', 'pollution', 'corporate compliance', 'health and safety']","[0.3083594796885928, 0.23431090094308935, 0.16642032901821216, 0.10741575616243415, 0.08215421191783531, 0.044728970055950126, 0.028555765132303502, 0.014602175871531774, 0.007168043159636698, 0.006284368050414192]","['S', 'E', 'E', 'G', 'S', 'S', 'G', 'E', 'G', 'S']"
we look forward to sharing more details in the future.,"['diversity and inclusion', 'natural resources', 'transparancy', 'philanthropy', 'corporate compliance', 'emissions', 'board accountability', 'training and education', 'health and safety', 'pollution']","[0.19577553659042346, 0.17119822843345844, 0.1317475924571718, 0.13090766272598744, 0.1006039469267262, 0.08657850253340817, 0.07694035205923853, 0.057456709044006314, 0.03605413121301004, 0.012737338016569622]","['S', 'E', 'G', 'S', 'G', 'E', 'G', 'S', 'S', 'E']"
"while we have taken significant steps in the first year of our net zero commitment, we must continue   taking meaningful actions to help address the climate crisis - and we will do so in collaboration with our employees, our partners, and our community.","['emissions', 'pollution', 'corporate compliance', 'transparancy', 'board accountability', 'natural resources', 'philanthropy', 'diversity and inclusion', 'training and education', 'health and safety']","[0.38830054643379236, 0.35331791743931307, 0.08007608652449692, 0.0683420218089905, 0.04029495738153773, 0.03367124009632732, 0.013478865719820795, 0.013146316917580924, 0.0060162921345707256, 0.003355755543569647]","['E', 'E', 'G', 'G', 'G', 'E', 'S', 'S', 'S', 'S']"
"https://news.airbnb.com/protecting-tropical-forests-to-address-the-climate-crisis/ https://leafcoalition.org/ https://www.airbnb.co.uk/resources/hosting-homes/t/sustainability-49 https://www.airbnb.com/resources/hosting-homes/a/a-beginners-guide-to-sustainable-hosting-344 https://www.youtube.com/watch?v=sl_te764poa https://www.airbnb.com/d/costaricaportierra 8 forward-looking statements this release contains forward-looking statements within the meaning of the private securities litigation reform act of 1995, including statements regarding airbnbs climate-related plans, net zero emissions commitments, energy efficiency strategies, and sustainability targets, goals, commitments, and programs.","['emissions', 'natural resources', 'pollution', 'transparancy', 'corporate compliance', 'training and education', 'board accountability', 'diversity and inclusion', 'health and safety', 'philanthropy']","[0.35746761915628716, 0.32719478796885926, 0.12067807105080566, 0.08801148667383424, 0.0432670529081516, 0.024686272420232806, 0.01840014521802836, 0.012517762906490898, 0.004034319412232996, 0.0037424822850769977]","['E', 'E', 'E', 'G', 'G', 'S', 'G', 'S', 'S', 'S']"
"in some cases, forward-looking statements can be identified by terms such as may, will, should, possible, expect, plan, predict, forecast, could, target, believe, potential, anticipate, estimate, continue, committed to, goal, seek, or other similar terms or expressions that concern airbnbs expectations, strategy, plans, or intentions.","['emissions', 'transparancy', 'board accountability', 'pollution', 'corporate compliance', 'diversity and inclusion', 'natural resources', 'philanthropy', 'training and education', 'health and safety']","[0.3565939526180053, 0.1591863448360379, 0.1300225362745965, 0.10953412228933367, 0.10492702225424971, 0.06055850082237098, 0.02832047711109658, 0.027195776892919167, 0.012003348998532592, 0.01165791790285755]","['E', 'G', 'G', 'E', 'G', 'S', 'E', 'S', 'S', 'S']"
forward-looking statements represent airbnbs current expectations regarding future events and are subject to known and unknown risks and uncertainties that could cause actual results to differ materially from those implied by the forward-looking statements.,"['transparancy', 'emissions', 'corporate compliance', 'board accountability', 'diversity and inclusion', 'natural resources', 'pollution', 'health and safety', 'philanthropy', 'training and education']","[0.22565383931487365, 0.2157804398983883, 0.12462835336176013, 0.11355562519432195, 0.11183775507429887, 0.07631502812073489, 0.05931580151373489, 0.03577395887733161, 0.023389284702527224, 0.013749913942028468]","['G', 'E', 'G', 'G', 'S', 'E', 'E', 'S', 'S', 'S']"
"among those risks and uncertainties are airbnbs ability to achieve the strategic targets, goals and commitments set forth in this release and unexpected delays, difficulties, and expenses in executing against such targets, goals and commitments, market conditions, risks that governmental or other third parties may subsequently define terms used in this release in a manner inconsistent with our usage of them, and risks relating to airbnbs business, including those described in periodic reports that airbnb files from time to time with the u.s. securities and exchange commission (the sec), including those discussed under risk factors, managements discussion and analysis of financial condition and results of operations, and special note regarding forward-looking statements in our annual report on form 10-k filed with the sec on february 25, 2022 and any subsequent quarterly reports on form 10-q filed with the sec.","['transparancy', 'corporate compliance', 'board accountability', 'diversity and inclusion', 'emissions', 'pollution', 'health and safety', 'natural resources', 'philanthropy', 'training and education']","[0.4901875286056237, 0.250902884896317, 0.06910750668978244, 0.04941476767429706, 0.04737895343431995, 0.03377228024726437, 0.02470402242437547, 0.019410284255652197, 0.010325380599452523, 0.004796391172915237]","['G', 'G', 'G', 'S', 'E', 'E', 'S', 'E', 'S', 'S']"
any of these factors could cause actual results to differ materially from the expectations we express or imply in this release.,"['transparancy', 'natural resources', 'corporate compliance', 'emissions', 'diversity and inclusion', 'health and safety', 'board accountability', 'pollution', 'training and education', 'philanthropy']","[0.23038913951356835, 0.20075708472092613, 0.16947208604373729, 0.13203476090604682, 0.08571067943510897, 0.06942417033558375, 0.053009509307632645, 0.02576966735113401, 0.019727431627372335, 0.013705470758889714]","['G', 'E', 'G', 'E', 'S', 'S', 'G', 'E', 'S', 'S']"
"airbnb cannot provide assurances that the results reflected or implied by any forward-looking statement will be realized or, even if substantially realized, that those results will have the forecasted or expected consequences and effects.","['transparancy', 'board accountability', 'emissions', 'corporate compliance', 'natural resources', 'diversity and inclusion', 'health and safety', 'pollution', 'philanthropy', 'training and education']","[0.477505382054518, 0.14152972714675927, 0.1005222520242248, 0.08483192598177841, 0.060353003125172514, 0.052044329852920505, 0.04508764047636459, 0.02488599142964443, 0.008870933437821174, 0.004368814470796321]","['G', 'G', 'E', 'G', 'E', 'S', 'S', 'E', 'S', 'S']"
"the forward-looking statements included in this release speak only as of the date of this release, and airbnb expressly disclaims any obligation to update the statements included in this release for subsequent developments, except as may be required by law.","['transparancy', 'diversity and inclusion', 'corporate compliance', 'emissions', 'board accountability', 'natural resources', 'health and safety', 'pollution', 'philanthropy', 'training and education']","[0.2635620640758999, 0.17309796244543518, 0.14726625710658806, 0.1177289539906506, 0.10499759548827553, 0.057552689363940646, 0.04897943275256034, 0.04286008803451607, 0.022698612172887028, 0.02125634456924671]","['G', 'S', 'G', 'E', 'G', 'E', 'S', 'E', 'S', 'S']"
9 appendix a: airbnb corporate greenhouse gas emissions data 2019-2021 ghg emissions metric definition of metric / assessment criteria metric quantity - 2019 (mtco2e) metric quantity - 2020 (mtco2e) metric quantity - 2020 (mtco2e) scope 1: natural gas direct emissions from stationary combustion (natural gas).,"['emissions', 'pollution', 'natural resources', 'corporate compliance', 'board accountability', 'transparancy', 'diversity and inclusion', 'health and safety', 'training and education', 'philanthropy']","[0.35976125357092076, 0.35297581663241884, 0.1468169098900622, 0.04983170114574642, 0.04441716791799604, 0.01859338754461772, 0.01671468116512197, 0.009230350057793794, 0.0009209096397995367, 0.0007378224355227142]","['E', 'E', 'E', 'G', 'G', 'G', 'S', 'S', 'S', 'S']"
815 844 807 scope 2: electricity (location-based) indirect emissions from purchased electricity (location-based).,"['emissions', 'pollution', 'natural resources', 'transparancy', 'health and safety', 'corporate compliance', 'board accountability', 'diversity and inclusion', 'philanthropy', 'training and education']","[0.40977605547154644, 0.3981620068538275, 0.09625513301783538, 0.04140146930350207, 0.04057353064206134, 0.010764218207155663, 0.0021192291804670313, 0.0005610097911448794, 0.00025201954850778756, 0.00013532798395187378]","['E', 'E', 'E', 'G', 'S', 'G', 'G', 'S', 'S', 'S']"
"6,237 5,189 4,874 scope 2: electricity (market-based) indirect emissions from purchased electricity (market-based).","['emissions', 'pollution', 'natural resources', 'transparancy', 'health and safety', 'corporate compliance', 'diversity and inclusion', 'board accountability', 'philanthropy', 'training and education']","[0.45514784866760677, 0.4332349994765873, 0.06493566677626635, 0.029285554450841005, 0.010853618137843165, 0.0030177967963356095, 0.0018325921238573663, 0.0013788675063853358, 0.00022386324945514557, 8.919281482200969e-05]","['E', 'E', 'E', 'G', 'S', 'G', 'S', 'G', 'S', 'S']"
"6,358 5,239 0 scope 3, category 1: purchased goods and services indirect emissions from the goods and services airbnb purchases from other entities.","['emissions', 'pollution', 'transparancy', 'health and safety', 'natural resources', 'corporate compliance', 'board accountability', 'diversity and inclusion', 'philanthropy', 'training and education']","[0.3146238550604456, 0.30271521523709927, 0.20543244353321932, 0.08090287366069926, 0.07206209563068226, 0.014820620601859676, 0.005403573827074451, 0.0035982195720192815, 0.0003254114221918395, 0.00011569145470906231]","['E', 'E', 'G', 'S', 'E', 'G', 'G', 'S', 'S', 'S']"
"353,384 200,942 248,816 scope 3, category 2: capital goods indirect emissions from the capital goods airbnb purchases from other entities.","['emissions', 'pollution', 'transparancy', 'natural resources', 'health and safety', 'corporate compliance', 'board accountability', 'diversity and inclusion', 'philanthropy', 'training and education']","[0.36812269506084744, 0.358332939003274, 0.1614829688175613, 0.05284409106948973, 0.020837369224907493, 0.02042318170037802, 0.00986408079921766, 0.007563647514180387, 0.00041582226288719437, 0.00011320454725675567]","['E', 'E', 'G', 'E', 'S', 'G', 'G', 'S', 'S', 'S']"
"2,026 1,720 2,080 scope 3, category 3: fuel- and energy-related activities (not included in scope 1 or scope 2) indirect emissions from natural gas leakage that occur as a result of natural gas usage for heating, and transmission & distribution (t&d) losses that occur as a result of electricity usage.","['emissions', 'pollution', 'natural resources', 'diversity and inclusion', 'transparancy', 'board accountability', 'corporate compliance', 'health and safety', 'philanthropy', 'training and education']","[0.32754824715886643, 0.3178211473170323, 0.30855112075207675, 0.02364441537994317, 0.017156525825293662, 0.002606716082544689, 0.0017170587187663722, 0.0008042488975080551, 9.761983586273537e-05, 5.290003210579803e-05]","['E', 'E', 'E', 'S', 'G', 'G', 'G', 'S', 'S', 'S']"
"756 645 633 scope 3, category 5: waste generated in operations indirect emissions generated from third- party disposal of waste, which includes waste disposed in landfills and waste recycled.","['emissions', 'pollution', 'natural resources', 'transparancy', 'corporate compliance', 'board accountability', 'health and safety', 'diversity and inclusion', 'philanthropy', 'training and education']","[0.3437499103741433, 0.3293494000491532, 0.1447850172785448, 0.1087654844647272, 0.02789018686677504, 0.023883851279718094, 0.014236685330671212, 0.006178706844348725, 0.0007454480952395736, 0.00041530941667883205]","['E', 'E', 'E', 'G', 'G', 'G', 'S', 'S', 'S', 'S']"
"975 168 33 scope 3, category 6: business travel indirect emissions from employee travel for business.","['emissions', 'pollution', 'corporate compliance', 'transparancy', 'board accountability', 'health and safety', 'diversity and inclusion', 'natural resources', 'training and education', 'philanthropy']","[0.321520245318193, 0.29992390285478293, 0.21713311642407676, 0.12533083157501623, 0.024170577953035694, 0.010169994039645325, 0.0011274263732041127, 0.0004648844051928965, 9.014810148199584e-05, 6.887295537100941e-05]","['E', 'E', 'G', 'G', 'G', 'S', 'S', 'E', 'S', 'S']"
"21,463 2,605 220 scope 3, category 7: employee commuting indirect emissions from employees commuting and emissions from heating and electricity usage while teleworking.","['emissions', 'pollution', 'natural resources', 'transparancy', 'health and safety', 'corporate compliance', 'board accountability', 'diversity and inclusion', 'philanthropy', 'training and education']","[0.38077130364307965, 0.371946414550208, 0.1475658373289525, 0.05703237282858012, 0.02034905829075597, 0.014747467663911653, 0.00585539818737677, 0.0014244428873423998, 0.00021600760374822152, 9.169701604473892e-05]","['E', 'E', 'E', 'G', 'S', 'G', 'G', 'S', 'S', 'S']"
"8,758 3,472 2,889 scope 3 - category 8: upstream leased assets indirect emissions from natural gas usage and leakage and electricity usage and t&d losses associated with locations that are leased by airbnb and that are not already included in scope 1 or scope 2.","['emissions', 'natural resources', 'pollution', 'transparancy', 'corporate compliance', 'board accountability', 'health and safety', 'diversity and inclusion', 'philanthropy', 'training and education']","[0.3161038887208724, 0.31185817048913095, 0.3111449583694461, 0.04409143017461349, 0.004708437936740951, 0.004345683130503936, 0.0039499049088881615, 0.0035089691401970083, 0.00022022534914945357, 6.833178045751649e-05]","['E', 'E', 'E', 'G', 'G', 'G', 'S', 'S', 'S', 'S']"
423 374 196  we engaged an external third party to provide limited assurance over these metrics.,"['corporate compliance', 'board accountability', 'transparancy', 'diversity and inclusion', 'emissions', 'health and safety', 'natural resources', 'philanthropy', 'pollution', 'training and education']","[0.2181074876445437, 0.17920388272063223, 0.1731612906546301, 0.11449924921543979, 0.09568402971228289, 0.08918677229547071, 0.07167771462981239, 0.026976089409627285, 0.017799806224242043, 0.013703677493318854]","['G', 'G', 'G', 'S', 'E', 'S', 'E', 'S', 'E', 'S']"
https://investors.airbnb.com/pwc-assurance-report 10,"['corporate compliance', 'board accountability', 'transparancy', 'diversity and inclusion', 'health and safety', 'emissions', 'natural resources', 'training and education', 'pollution', 'philanthropy']","[0.41247644886990087, 0.25392200767368556, 0.11231874091721468, 0.09368451507538961, 0.0652871793605565, 0.024935819754350094, 0.016326457138722085, 0.012717900550452922, 0.005569798934696744, 0.0027611317250309563]","['G', 'G', 'G', 'S', 'S', 'E', 'E', 'S', 'E', 'S']"
